Compilation Flag	g++:6.3	icpc:17.0
O0	1	1
O1	2.11	2.0289017341
O2	2.04	3
O3	2.46	3.052173913
Ofast	2.52	3.1061946903
